{
  "model": "resnet18_augmented_5fold",
  "classes": [
    "healthy",
    "sclpgr",
    "drecro"
  ],
  "per_class_report": {
    "healthy": {
      "precision": 1.0,
      "recall": 0.9512195121951219,
      "f1-score": 0.975,
      "support": 41.0
    },
    "sclpgr": {
      "precision": 1.0,
      "recall": 0.9333333333333333,
      "f1-score": 0.9655172413793104,
      "support": 30.0
    },
    "drecro": {
      "precision": 0.6923076923076923,
      "recall": 1.0,
      "f1-score": 0.8181818181818182,
      "support": 9.0
    },
    "accuracy": 0.95,
    "macro avg": {
      "precision": 0.8974358974358975,
      "recall": 0.9615176151761519,
      "f1-score": 0.9195663531870428,
      "support": 80.0
    },
    "weighted avg": {
      "precision": 0.9653846153846153,
      "recall": 0.95,
      "f1-score": 0.9538019200626959,
      "support": 80.0
    }
  },
  "confusion_matrix": [
    [
      39,
      0,
      2
    ],
    [
      0,
      28,
      2
    ],
    [
      0,
      0,
      9
    ]
  ],
  "macro_f1": 0.9195663531870428
}